<?xml version="1.0" encoding="UTF-8" standalone="yes"?>
<addon id="script.module.python.requests" name="[COLOR red]Python Requests[/COLOR] [COLOR maroon](you should remove this)[/COLOR]" version="6.6.6" provider-name="Miovi Team">
	<requires>
		<import addon="xbmc.python" version="2.1.0"/>
        <import addon="script.module.simplejson" version="3.4.2"/>
	</requires>
   <extension point="xbmc.python.script" library="default.py">
   <provides>executable</provides>
  </extension>
	<extension point="xbmc.addon.metadata">
		<summary>this dummy addon is not supported</summary>
		<description>this dummy addon is not supported</description>
    <disclaimer lang="en">!! do NOT use Gaia's fake 2.16(.?) version;
-> includes Cryptocurrency-mining malware:
=> 'script.module.python.requests'</disclaimer>
		<platform>all</platform>
		<language></language>
		<license>Apache2</license>
	</extension>
</addon>
