﻿<?xml version="1.0" encoding="UTF-8"?>
<scraperfunctions>
	<GetIMDBGenresById dest="5">
		<RegExp input="$$1" output="&lt;details&gt;&lt;url cache=&quot;$$1-main.html&quot; function=&quot;ParseIMDBGenres&quot;&gt;http://www.imdb.com/title/$$1/|accept-language=en-us&lt;/url&gt;&lt;/details&gt;" dest="5">
			<expression noclean="1" />
		</RegExp>
	</GetIMDBGenresById>
	<ParseIMDBGenres dest="5">
		<RegExp input="$$2" output="&lt;details&gt;\1&lt;/details&gt;" dest="5">
			<RegExp input="$$1" output="&lt;genre&gt;\1&lt;/genre&gt;" dest="2">
				<expression repeat="yes">tt_stry_gnr&quot;\s>\s([^&lt;]+)</expression>
			</RegExp>
			<expression noclean="1" />
		</RegExp>
	</ParseIMDBGenres>

	<GetIMDBRatingById dest="5">	<!-- Compatibility function for Pre-Krypton versions-->
		<RegExp input="$$1" output="&lt;details&gt;&lt;url cache=&quot;$$1-main.html&quot; function=&quot;ParseIMDBRating&quot;&gt;http://www.imdb.com/title/$$1/|accept-language=en-us&lt;/url&gt;&lt;/details&gt;" dest="5">
			<expression noclean="1" />
		</RegExp>
	</GetIMDBRatingById>
	<ParseIMDBRating dest="5">
		<RegExp input="$$2" output="&lt;details&gt;\1&lt;/details&gt;" dest="5">
			<RegExp input="$$1" output="&lt;rating&gt;\1&lt;/rating&gt;&lt;votes&gt;\2&lt;/votes&gt;" dest="2">
				<expression>&lt;span\sitemprop=&quot;ratingValue&quot;&gt;([0-9.]+).*?ratingCount&quot;&gt;([0-9,]+)&lt;</expression>
			</RegExp>
			<expression noclean="1" />
		</RegExp>
	</ParseIMDBRating>

	<GetIMDBRatingsById dest="5" clearbuffers="no">
		<RegExp input="$$1" output="&lt;details&gt;&lt;url cache=&quot;\1-main.html&quot; function=&quot;ParseIMDBRatings&quot;&gt;http://www.imdb.com/title/\1/|accept-language=en-us&lt;/url&gt;&lt;/details&gt;" dest="5">
			<expression noclean="1">^(tt\d+)</expression>
		</RegExp>
		<RegExp input="$$1" output="default=&quot;true&quot;" dest="3">
			<expression clear="yes">\|default$</expression>
		</RegExp>
	</GetIMDBRatingsById>
	<ParseIMDBRatings dest="5">
		<RegExp input="$$2" output="&lt;details&gt;\1&lt;/details&gt;" dest="5">
			<RegExp input="$$1" output="&lt;ratings&gt;&lt;rating name=&quot;imdb&quot; $$3&gt;&lt;value&gt;\1&lt;/value&gt;&lt;votes&gt;\2&lt;/votes&gt;&lt;/rating&gt;&lt;/ratings&gt;" dest="2">
				<expression>&lt;span\sitemprop=&quot;ratingValue&quot;&gt;([0-9.]+).*?ratingCount&quot;&gt;([0-9,]+)&lt;</expression>
			</RegExp>
			<expression noclean="1" />
		</RegExp>
	</ParseIMDBRatings>

	<GetIMDBTOP250ById dest="5">
		<RegExp input="$$1" output="&lt;details&gt;&lt;url cache=&quot;$$1-main.html&quot; function=&quot;ParseIMDBTOP250&quot;&gt;http://www.imdb.com/title/$$1/|accept-language=en-us&lt;/url&gt;&lt;/details&gt;" dest="5">
			<expression noclean="1" />
		</RegExp>
	</GetIMDBTOP250ById>
	<ParseIMDBTOP250 dest="5">
		<RegExp input="$$2" output="&lt;details&gt;\1&lt;/details&gt;" dest="5">
			<RegExp input="$$1" output="&lt;top250&gt;\1&lt;/top250&gt;" dest="2">
				<expression>Top\sRated\sMovies\s#([0-9]*)</expression>
			</RegExp>
			<expression noclean="1" />
		</RegExp>
	</ParseIMDBTOP250>

	<GetIMDBStudioById dest="5">
		<RegExp input="$$1" output="&lt;details&gt;&lt;url cache=&quot;$$1-main.html&quot; function=&quot;ParseIMDBStudio&quot;&gt;http://www.imdb.com/title/$$1/|accept-language=en-us&lt;/url&gt;&lt;/details&gt;" dest="5">
			<expression noclean="1" />
		</RegExp>
	</GetIMDBStudioById>
	<ParseIMDBStudio dest="5">
		<RegExp input="$$2" output="&lt;details&gt;\1&lt;/details&gt;" dest="5">
			<RegExp input="$$1" output="&lt;studio&gt;\1&lt;/studio&gt;" dest="2">
				<expression>&quot;/company/[^&gt;]+&gt;[^&lt;]*&lt;[^&gt;]*&gt;([^&lt;]+)&lt;/span&gt;</expression>
			</RegExp>
			<expression noclean="1" />
		</RegExp>
	</ParseIMDBStudio>

	<GetIMDBCountryById dest="5">
		<RegExp input="$$1" output="&lt;details&gt;&lt;url cache=&quot;$$1-main.html&quot; function=&quot;ParseIMDBCountry&quot;&gt;http://www.imdb.com/title/$$1/|accept-language=en-us&lt;/url&gt;&lt;/details&gt;" dest="5">
			<expression noclean="1" />
		</RegExp>
	</GetIMDBCountryById>
	<ParseIMDBCountry dest="5">
		<RegExp input="$$2" output="&lt;details&gt;\1&lt;/details&gt;" dest="5">
			<RegExp input="$$1" output="\1" dest="6">
				<expression clear="yes" noclean="1">Country:[^&gt;]+&gt;(.*?)&lt;/div&gt;</expression>
			</RegExp>
			<RegExp input="$$6" output="&lt;country&gt;\1&lt;/country&gt;" dest="2">
				<expression repeat="yes">itemprop='url'&gt;([^&lt;]+)</expression>
			</RegExp>
			<expression noclean="1" />
		</RegExp>
	</ParseIMDBCountry>

	<GetMetaCriticRatingById dest="5">	<!-- Compatibility function for Pre-Krypton versions-->
		<RegExp input="$$1" output="&lt;details&gt;&lt;url cache=&quot;$$1-criticreviews.html&quot; function=&quot;ParseMetaCriticRating&quot;&gt;http://www.imdb.com/title/$$1/criticreviews|accept-language=en-us&lt;/url&gt;&lt;/details&gt;" dest="5">
			<expression noclean="1" />
		</RegExp>
	</GetMetaCriticRatingById>
	<ParseMetaCriticRating dest="5">
		<RegExp input="$$2" output="&lt;details&gt;\1&lt;/details&gt;" dest="5">
			<RegExp input="$$1" output="\1" dest="6">
				<expression noclean="1">(&lt;div class=&quot;metascore_block&quot;.*)</expression>
			</RegExp>
			<RegExp input="$$6" output="&lt;rating max=&quot;100&quot;&gt;\1&lt;/value&gt;" dest="2">
				<expression clear="yes">&lt;span itemprop=&quot;ratingValue&quot;&gt;(\d+)&lt;/span&gt;</expression>
			</RegExp>
			<RegExp input="$$6" output="&lt;votes&gt;\1&lt;/votes&gt;" dest="2+">
				<expression>&lt;span itemprop=&quot;ratingCount&quot;&gt;(\d+)&lt;/span&gt;</expression>
			</RegExp>
			<expression noclean="1" />
		</RegExp>
	</ParseMetaCriticRating>

	<GetMetaCriticRatingsById dest="5" clearbuffers="no">
		<RegExp input="$$1" output="&lt;details&gt;&lt;url cache=&quot;\1-criticreviews.html&quot; function=&quot;ParseMetaCriticRatings&quot;&gt;http://www.imdb.com/title/\1/criticreviews|accept-language=en-us&lt;/url&gt;&lt;/details&gt;" dest="5">
			<expression noclean="1">(tt\d+)</expression>
		</RegExp>
		<RegExp input="$$1" output="default=&quot;true&quot;" dest="3">
			<expression clear="yes">\|default$</expression>
		</RegExp>
	</GetMetaCriticRatingsById>
	<ParseMetaCriticRatings dest="5">
		<RegExp input="$$2" output="&lt;details&gt;\1&lt;/details&gt;" dest="5">
			<RegExp input="$$4" output="&lt;ratings&gt;&lt;rating name=&quot;metacritic&quot; max=&quot;100&quot; $$3&gt;\1&lt;/rating&gt;&lt;/ratings&gt;" dest="2">
				<RegExp input="$$1" output="\1" dest="6">
					<expression clear="yes" noclean="1">(&lt;div class=&quot;metascore_block&quot;.*)</expression>
				</RegExp>
				<RegExp input="$$6" output="&lt;value&gt;\1&lt;/value&gt;" dest="4">
					<expression clear="yes">&lt;span itemprop=&quot;ratingValue&quot;&gt;(\d+)&lt;/span&gt;</expression>
				</RegExp>
				<RegExp input="$$6" output="&lt;votes&gt;\1&lt;/votes&gt;" dest="4+">
					<expression>&lt;span itemprop=&quot;ratingCount&quot;&gt;(\d+)&lt;/span&gt;</expression>
				</RegExp>
				<expression noclean="1" clear="yes"/>
			</RegExp>
			<expression noclean="1" />
		</RegExp>
	</ParseMetaCriticRatings>

	<GetIMDBPlotById dest="5">
		<RegExp input="$$1" output="&lt;details&gt;&lt;url cache=&quot;$$1-main.html&quot; function=&quot;ParseIMDBPlot&quot;&gt;http://www.imdb.com/title/$$1/|accept-language=en-us&lt;/url&gt;&lt;/details&gt;" dest="5">
			<expression noclean="1" />
		</RegExp>
	</GetIMDBPlotById>
	<ParseIMDBPlot dest="5">
		<RegExp input="$$2" output="&lt;details&gt;\1&lt;/details&gt;" dest="5">
			<RegExp input="$$1" output="&lt;plot&gt;\1&lt;/plot&gt;" dest="2">
				<expression fixchars="1" trim="1">&lt;h2&gt;Storyline&lt;/h2&gt;\s+&lt;div\sclass=&quot;inline\scanwrap&quot;\sitemprop=&quot;description&quot;&gt;\s+&lt;p&gt;(.*?)&lt;[^a/]</expression>
			</RegExp>
			<expression noclean="1" />
		</RegExp>
	</ParseIMDBPlot>

	<GetIMDBTaglineById dest="5">
		<RegExp input="$$1" output="&lt;details&gt;&lt;url cache=&quot;$$1-main.html&quot; function=&quot;ParseIMDBTagline&quot;&gt;http://www.imdb.com/title/$$1/|accept-language=en-us&lt;/url&gt;&lt;/details&gt;" dest="5">
			<expression noclean="1" />
		</RegExp>
	</GetIMDBTaglineById>
	<ParseIMDBTagline dest="5">
		<RegExp input="$$2" output="&lt;details&gt;\1&lt;/details&gt;" dest="5">
			<RegExp input="$$1" output="&lt;tagline&gt;\1&lt;/tagline&gt;" dest="2">
				<expression fixchars="1" trim="1">&lt;h4[^&gt;]*?&gt;Taglines:&lt;/h4&gt;\n?([^&lt;]*)</expression>
			</RegExp>
			<expression noclean="1" />
		</RegExp>
	</ParseIMDBTagline>

	<GetIMDBOutlineById dest="5">
		<RegExp input="$$1" output="&lt;details&gt;&lt;url cache=&quot;$$1-main.html&quot; function=&quot;ParseIMDBOutline&quot;&gt;http://www.imdb.com/title/$$1/|accept-language=en-us&lt;/url&gt;&lt;/details&gt;" dest="5">
			<expression noclean="1" />
		</RegExp>
	</GetIMDBOutlineById>
	<ParseIMDBOutline dest="5">
		<RegExp input="$$2" output="&lt;details&gt;\1&lt;/details&gt;" dest="5">
			<RegExp input="$$1" output="&lt;outline&gt;\1&lt;/outline&gt;" dest="2">
				<expression fixchars="1" trim="1">itemprop=&quot;description&quot;&gt;(.+?)&lt;div\sclass</expression>
			</RegExp>
			<RegExp input="$$1" output="&lt;outline&gt;\1&lt;/outline&gt;" dest="2">
				<expression fixchars="1" trim="1">itemprop=&quot;description&quot;&gt;(.+?)&lt;a\shref=&quot;/title/[^/]*/plotsummary[^&quot;]*&quot;\s*&gt;See</expression>
			</RegExp>
			<expression noclean="1" />
		</RegExp>
	</ParseIMDBOutline>

	<GetIMDBOutlineToPlotById dest="5">
		<RegExp input="$$1" output="&lt;details&gt;&lt;url cache=&quot;$$1-main.html&quot; function=&quot;ParseIMDBOutlineToPlot&quot;&gt;http://www.imdb.com/title/$$1/|accept-language=en-us&lt;/url&gt;&lt;/details&gt;" dest="5">
			<expression noclean="1" />
		</RegExp>
	</GetIMDBOutlineToPlotById>
	<ParseIMDBOutlineToPlot dest="5">
		<RegExp input="$$2" output="&lt;details&gt;\1&lt;/details&gt;" dest="5">
			<RegExp input="$$1" output="&lt;plot&gt;\1&lt;/plot&gt;" dest="2">
				<expression fixchars="1" trim="1">itemprop=&quot;description&quot;&gt;([^&lt;]+)&lt;</expression>
			</RegExp>
			<expression noclean="1" />
		</RegExp>
	</ParseIMDBOutlineToPlot>

	<GetIMDBCastById dest="5">
		<RegExp input="$$1" output="&lt;details&gt;&lt;url cache=&quot;$$1-main.html&quot; function=&quot;ParseIMDBCast&quot;&gt;http://www.imdb.com/title/$$1/|accept-language=en-us&lt;/url&gt;&lt;/details&gt;" dest="5">
			<expression noclean="1" />
		</RegExp>
	</GetIMDBCastById>
	<ParseIMDBCast dest="5">
		<RegExp input="$$2" output="&lt;details&gt;\1&lt;/details&gt;" dest="5">
			<RegExp input="$$1" output="\1" dest="6">
				<expression noclean="1">&lt;table\sclass=&quot;cast_list&quot;&gt;(.*?)&lt;/table&gt;</expression>
			</RegExp>
			<RegExp input="$$6" output="&lt;actor&gt;&lt;thumb&gt;\2\3SX1024_SY1024_.jpg&lt;/thumb&gt;&lt;name&gt;\1&lt;/name&gt;&lt;role&gt;\5&lt;/role&gt;&lt;/actor&gt;" dest="7">
				<expression repeat="yes" clear="yes" trim="3,4" noclean="1,2">&lt;img[^a]*alt=&quot;([^&quot;]*)&quot;[^&quot;]*&quot;[^&quot;]*&quot;[^s]*src=&quot;(?:[^&quot;]*\.[^&quot;]*&quot;\sclass=&quot;loadlate\shidden\s&quot;\sloadlate=&quot;([^&quot;]*)(_V..?_))[^&gt;]*.*?ter&quot;&gt;[^&gt;]*&gt;\n\s*(&lt;[^&gt;]*&gt;)?([^&lt;\(]*)?</expression>
			</RegExp>
			<RegExp input="$$6" output="&lt;actor&gt;&lt;thumb&gt;&lt;/thumb&gt;&lt;name&gt;\1&lt;/name&gt;&lt;role&gt;\3&lt;/role&gt;&lt;/actor&gt;" dest="7+">
				<expression repeat="yes" trim="1,2,3" fixchars="3" noclean="1,2">&lt;img[^a]*alt=&quot;([^&quot;]*)&quot;[^&quot;]*&quot;[^&quot;]*&quot;[^s]*src=&quot;(?:[^&quot;]*\.[^&quot;]*\.png)&quot;\sclass=&quot;.*?&quot;\s/&gt;*.*?ter&quot;&gt;[^&gt;]*&gt;\n\s*(&lt;[^&gt;]*&gt;)?([^&lt;\(]*)?</expression>
			</RegExp>
			<RegExp input="$$7" output="&lt;actor&gt;&lt;thumb&gt;\1&lt;/thumb&gt;\2&lt;/actor&gt;" dest="2+">
				<expression repeat="yes" clear="yes" noclean="1,2,3">&lt;actor&gt;&lt;thumb&gt;(?:(http.*?)|_SX[0-9]+_SY[0-9]+_)?&lt;/thumb&gt;(.*?)&lt;/actor&gt;</expression>
			</RegExp>
			<expression noclean="1" />
		</RegExp>
	</ParseIMDBCast>

	<GetIMDBDirectorsById dest="5">
		<RegExp input="$$1" output="&lt;details&gt;&lt;url cache=&quot;$$1-main.html&quot; function=&quot;ParseIMDBDirectors&quot;&gt;http://www.imdb.com/title/$$1/|accept-language=en-us&lt;/url&gt;&lt;/details&gt;" dest="5">
			<expression noclean="1" />
		</RegExp>
	</GetIMDBDirectorsById>
	<ParseIMDBDirectors dest="5">
		<RegExp input="$$2" output="&lt;details&gt;\1&lt;/details&gt;" dest="5">
			<RegExp input="$$1" output="\1" dest="6">
				<expression clear="yes" noclean="1">Director(?:s)?:.*?&lt;/h4&gt;(.*?)&lt;div class</expression>
			</RegExp>
			<RegExp input="$$6" output="&lt;director&gt;\1&lt;/director&gt;" dest="2">
				<expression repeat="yes" fixchars="1" clear="yes">href=&quot;/name[^&gt;]*&gt;[^&lt;]*&lt;[^&gt;]*&gt;([^&lt;]*)&lt;</expression>
			</RegExp>
			<expression noclean="1" />
		</RegExp>
	</ParseIMDBDirectors>

	<GetIMDBWritersById dest="5">
		<RegExp input="$$1" output="&lt;details&gt;&lt;url cache=&quot;$$1-main.html&quot; function=&quot;ParseIMDBWriters&quot;&gt;http://www.imdb.com/title/$$1/|accept-language=en-us&lt;/url&gt;&lt;/details&gt;" dest="5">
			<expression noclean="1" />
		</RegExp>
	</GetIMDBWritersById>
	<ParseIMDBWriters dest="5">
		<RegExp input="$$2" output="&lt;details&gt;\1&lt;/details&gt;" dest="5">
			<RegExp input="$$1" output="\1" dest="6">
				<expression clear="yes" noclean="1">Writer(?:s)?:.*?&lt;/h4&gt;(.*?)&lt;div class</expression>
			</RegExp>
			<RegExp input="$$6" output="&lt;credits&gt;\1&lt;/credits&gt;" dest="2">
				<expression repeat="yes" fixchars="1" clear="yes">href=&quot;/name[^&gt;]*&gt;[^&lt;]*&lt;[^&gt;]*&gt;([^&lt;]*)&lt;</expression>
			</RegExp>
			<expression noclean="1" />
		</RegExp>
	</ParseIMDBWriters>

	<GetIMDBFullCastById dest="5">
		<RegExp input="$$1" output="&lt;details&gt;&lt;url cache=&quot;$$1-reference.html&quot; function=&quot;ParseIMDBFullCast&quot;&gt;http://www.imdb.com/title/$$1/reference|accept-language=en-us&lt;/url&gt;&lt;/details&gt;" dest="5">
			<expression noclean="1" />
		</RegExp>
	</GetIMDBFullCastById>
	<ParseIMDBFullCast dest="5">
		<RegExp input="$$2" output="&lt;details&gt;\1&lt;/details&gt;" dest="5">
			<RegExp input="$$1" output="\1" dest="6">
				<expression noclean="1">&lt;table\sclass=&quot;cast_list&quot;&gt;(.*?)&lt;/table&gt;</expression>
			</RegExp>
			<RegExp input="$$6" output="&lt;actor&gt;&lt;thumb&gt;\2\3SX1024_SY1024_.jpg&lt;/thumb&gt;&lt;name&gt;\1&lt;/name&gt;&lt;role&gt;\5&lt;/role&gt;&lt;/actor&gt;" dest="7">
				<expression repeat="yes" clear="yes" trim="3,4" noclean="1,2">&lt;img[^a]*alt=&quot;([^&quot;]*)&quot;[^&quot;]*&quot;[^&quot;]*&quot;[^s]*src=&quot;(?:[^&quot;]*\.[^&quot;]*&quot;\sclass=&quot;loadlate\shidden\s&quot;\sloadlate=&quot;([^&quot;]*)(_V..?_))[^&gt;]*.*?ter&quot;&gt;[^&gt;]*&gt;\n\s*(&lt;[^&gt;]*&gt;)?([^&lt;\(]*)?</expression>
			</RegExp>
			<RegExp input="$$6" output="&lt;actor&gt;&lt;thumb&gt;&lt;/thumb&gt;&lt;name&gt;\1&lt;/name&gt;&lt;role&gt;\3&lt;/role&gt;&lt;/actor&gt;" dest="7+">
				<expression repeat="yes" trim="1,2,3" fixchars="3" noclean="1,2">&lt;img[^a]*alt=&quot;([^&quot;]*)&quot;[^&quot;]*&quot;[^&quot;]*&quot;[^s]*src=&quot;(?:[^&quot;]*\.[^&quot;]*\.png)&quot;\sclass=&quot;.*?&quot;\s/&gt;*.*?ter&quot;&gt;[^&gt;]*&gt;\n\s*(&lt;[^&gt;]*&gt;)?([^&lt;\(]*)?</expression>
			</RegExp>
			<RegExp input="$$7" output="&lt;actor&gt;&lt;thumb&gt;\1&lt;/thumb&gt;\2&lt;/actor&gt;" dest="2+">
				<expression repeat="yes" clear="yes" noclean="1,2,3">&lt;actor&gt;&lt;thumb&gt;(?:(http.*?)|_SX[0-9]+_SY[0-9]+_)?&lt;/thumb&gt;(.*?)&lt;/actor&gt;</expression>
			</RegExp>
			<expression noclean="1" />
		</RegExp>
	</ParseIMDBFullCast>

	<GetIMDBFullDirectorsById dest="5">
		<RegExp input="$$1" output="&lt;details&gt;&lt;url cache=&quot;$$1-reference.html&quot; function=&quot;ParseIMDBFullDirectors&quot;&gt;http://www.imdb.com/title/$$1/reference|accept-language=en-us&lt;/url&gt;&lt;/details&gt;" dest="5">
			<expression noclean="1" />
		</RegExp>
	</GetIMDBFullDirectorsById>
	<ParseIMDBFullDirectors dest="5">
		<RegExp input="$$2" output="&lt;details&gt;\1&lt;/details&gt;" dest="5">
			<RegExp input="$$1" output="\1" dest="6">
				<expression clear="yes" noclean="1">Director(?:s)?:.*?ipl-inline-list[^&gt;]*&gt;(.*?)&lt;/div</expression>
			</RegExp>
			<RegExp input="$$6" output="&lt;director&gt;\1&lt;/director&gt;" dest="2">
				<expression repeat="yes" fixchars="1">&lt;a href=&quot;/name/[^&gt;]*&gt;([^&lt;]*)&lt;</expression>
			</RegExp>
			<expression noclean="1" />
		</RegExp>
	</ParseIMDBFullDirectors>

	<GetIMDBFullWritersById dest="5">
		<RegExp input="$$1" output="&lt;details&gt;&lt;url cache=&quot;$$1-reference.html&quot; function=&quot;ParseIMDBFullWriters&quot;&gt;http://www.imdb.com/title/$$1/reference|accept-language=en-us&lt;/url&gt;&lt;/details&gt;" dest="5">
			<expression noclean="1" />
		</RegExp>
	</GetIMDBFullWritersById>
	<ParseIMDBFullWriters dest="5">
		<RegExp input="$$2" output="&lt;details&gt;\1&lt;/details&gt;" dest="5">
			<RegExp input="$$1" output="\1" dest="6">
				<expression noclean="1">Writer(?:s)?:.*?ipl-inline-list[^&gt;]*&gt;(.*?)&lt;/div</expression>
			</RegExp>
			<RegExp input="$$6" output="&lt;credits&gt;\1&lt;/credits&gt;" dest="2">
				<expression repeat="yes" fixchars="1">&lt;a href=&quot;/name/[^&gt;]*&gt;([^&lt;]*)&lt;</expression>
			</RegExp>
			<expression noclean="1" />
		</RegExp>
	</ParseIMDBFullWriters>

	<GetIMDBThumbsById dest="5">
		<RegExp input="$$1" output="&lt;details&gt;&lt;url cache=&quot;$$1-posters.html&quot; function=&quot;ParseIMDBThumbs&quot;&gt;http://www.imdb.com/title/$$1/posters|accept-language=en-us&lt;/url&gt;&lt;/details&gt;" dest="5">
			<expression noclean="1" />
		</RegExp>
	</GetIMDBThumbsById>
	<ParseIMDBThumbs dest="5">
		<RegExp input="$$6" output="&lt;details&gt;\1&lt;/details&gt;" dest="5">
			<RegExp input="$$1" output="\1_SX1024_SY1024_\2" dest="4">
				<expression noclean="1,2">&lt;a\sname=&quot;poster&quot;.*?src=&quot;(.*?)_S.*?(.jpg)&quot;.*?&lt;/a&gt;</expression>
			</RegExp>
			<RegExp input="$$4" output="&lt;thumb aspect=&quot;poster&quot;&gt;\1&lt;/thumb&gt;" dest="6">
				<expression noclean="1">(.*?_SX[0-9]+_SY[0-9]+_.jpg)</expression>
			</RegExp>
			<expression noclean="1" />
		</RegExp>
	</ParseIMDBThumbs>

	<GetIMDBUSACert dest="5">
		<RegExp input="$$1" output="&lt;details&gt;&lt;url cache=&quot;$$1-reference.html&quot; function=&quot;ParseIMDBUSACert&quot;&gt;http://www.imdb.com/title/$$1/reference|accept-language=en-us&lt;/url&gt;&lt;/details&gt;" dest="5">
			<expression noclean="1" />
		</RegExp>
	</GetIMDBUSACert>
	<ParseIMDBUSACert dest="5">
		<RegExp input="$$1" output="&lt;details&gt;&lt;mpaa&gt;$INFO[certprefix]\1&lt;/mpaa&gt;&lt;/details&gt;" dest="5">
			<expression>&gt;\s*United\sStates:(P?G|PG-13|R|NC-17)&lt;/a&gt;</expression>
		</RegExp>
		<RegExp input="$$1" output="&lt;details&gt;&lt;mpaa&gt;$INFO[certprefix]\1&lt;/mpaa&gt;&lt;/details&gt;" dest="5">
			<expression>MPAA&lt;/a&gt;:&lt;/h5&gt;&lt;div\sclass=&quot;info-content&quot;&gt;Rated\s(P?G|PG-13|R|NC-17)</expression>
		</RegExp>
	</ParseIMDBUSACert>

	<GetIMDBCountryCert dest="5">
		<RegExp input="$$1" output="&lt;details&gt;&lt;url cache=&quot;$$1-reference.html&quot; function=&quot;ParseIMDBCountryCert&quot;&gt;http://www.imdb.com/title/$$1/reference|accept-language=en-us&lt;/url&gt;&lt;/details&gt;" dest="5">
			<expression noclean="1" />
		</RegExp>
		<RegExp input="$INFO[imdbcertcountry]" output="$$2" dest="5">
			<RegExp input="$$1" output="&lt;details&gt;&lt;url cache=&quot;$$1-reference.html&quot; function=&quot;ParseIMDBUSACert&quot;&gt;http://www.imdb.com/title/$$1/reference|accept-language=en-us&lt;/url&gt;&lt;/details&gt;" dest="2">
				<expression noclean="1"/>
			</RegExp>
			<expression>United States</expression>
		</RegExp>
	</GetIMDBCountryCert>
	<ParseIMDBCountryCert dest="5">
		<RegExp input="$$1" output="&lt;details&gt;&lt;mpaa&gt;$INFO[certprefix]\1&lt;/mpaa&gt;&lt;/details&gt;" dest="5">
			<expression>&gt;\s*$INFO[imdbcertcountry]:([^&lt;]+)&lt;/a&gt;</expression>
		</RegExp>
	</ParseIMDBCountryCert>

	<GetIMDBAKATitlesById dest="5">
		<RegExp input="$$1" output="&lt;details&gt;&lt;url cache=&quot;$$1-releaseinfo.html&quot; function=&quot;ParseIMDBAKATitles&quot;&gt;http://www.imdb.com/title/$$1/releaseinfo|accept-language=en-us&lt;/url&gt;&lt;/details&gt;" dest="5">
			<expression noclean="1" />
		</RegExp>
	</GetIMDBAKATitlesById>
	<ParseIMDBAKATitles dest="5">
		<RegExp input="$$2" output="&lt;details&gt;&lt;title&gt;\1&lt;/title&gt;&lt;/details&gt;" dest="5">
			<RegExp input="$$1" output="\2" dest="2">
				<expression>'og:title'\scontent=&quot;(IMDb\s-\s)?(?:&amp;#x22;)?([^&quot;]*?)(?:&amp;#x22;)? \([^\(]*?([0-9]{4})(?:–\s)?\)</expression>
			</RegExp>
			<RegExp input="$$10" output="\1" dest="4">
				<RegExp input="$$1" output="\1" dest="9">
					<expression>&lt;td&gt;\(original\stitle\)[^&gt;]+&gt;[^&gt;]+&gt;([^&lt;]+)</expression>
				</RegExp>
				<RegExp input="$$1" output="\1" dest="9">
					<expression>class="originalTitle"&gt;([^&lt;]*)</expression>
				</RegExp>
				<RegExp input="$$9" output="\1" dest="10">
					<expression />
				</RegExp>
				<RegExp input="$$1" output="\1" dest="11">
					<expression>'og:title'\scontent=&quot;(IMDb\s-\s)?(?:&amp;#x22;)?([^&quot;]*?)(?:&amp;#x22;)? \([^\(]*?([0-9]{4})(?:–\s)?\)</expression>
				</RegExp>
				<RegExp input="$$11" output="\1" dest="10">
					<expression>(.+)</expression>
				</RegExp>
				<RegExp input="$$1" output="\1" dest="11">
					<expression clear="yes">&lt;td&gt;Hong Kong\s\(English[^&gt;]+&gt;[^&gt;]+&gt;([^&lt;]+)</expression>
				</RegExp>
				<RegExp input="$$11" output="\1" dest="10">
					<expression>(.+)</expression>
				</RegExp>
				<RegExp input="$$1" output="\1" dest="11">
					<expression clear="yes">&lt;td&gt;Canada\s\(English[^&gt;]+&gt;[^&gt;]+&gt;([^&lt;]+)</expression>
				</RegExp>
				<RegExp input="$$11" output="\1" dest="10">
					<expression>(.+)</expression>
				</RegExp>
				<RegExp input="$$1" output="\1" dest="11">
					<expression clear="yes">&lt;td&gt;UK&lt;[^&gt;]+&gt;[^&gt;]+&gt;([^&lt;]+)</expression>
				</RegExp>
				<RegExp input="$$11" output="\1" dest="10">
					<expression>(.+)</expression>
				</RegExp>
				<RegExp input="$$1" output="\1" dest="11">
					<expression clear="yes">&lt;td&gt;World-wide\s\(English[^&gt;]+&gt;[^&gt;]+&gt;([^&lt;]+)</expression>
				</RegExp>
				<RegExp input="$$11" output="\1" dest="10">
					<expression>(.+)</expression>
				</RegExp>
				<expression noclean="1" />
			</RegExp>
			<RegExp input="$$4" output="\1" dest="2">
				<expression>(.+)</expression>
			</RegExp>
			<RegExp input="$$1" output="\1" dest="4">
				<expression>&lt;td&gt;$INFO[imdbakatitles][^&gt;]+&gt;[^&gt;]+&gt;([^&lt;]+)</expression>
			</RegExp>
			<RegExp input="$$1" output="\1" dest="4">
				<expression>&lt;td&gt;$INFO[imdbakatitles]&lt;[^&gt;]+&gt;[^&gt;]+&gt;([^&lt;]+)</expression>
			</RegExp>
			<RegExp input="$$4" output="\1" dest="2">
				<expression>(.+)</expression>
			</RegExp>
			<RegExp input="$INFO[imdbakatitles]" output="$$9" dest="4">
				<expression>Keep Original</expression>
			</RegExp>
			<RegExp input="$$4" output="\1" dest="2">
				<expression>(.+)</expression>
			</RegExp>
			<expression noclean="1" />
		</RegExp>
	</ParseIMDBAKATitles>

</scraperfunctions>