<?xml version="1.0" encoding="UTF-8"?>
    <addon id="repository.Atrion2" name="Atrions Repo2" version="0.2.16" provider-name="AtrionDarnay">
        <requires>
            <import addon="xbmc.addon" version="12.0.0"/>
        </requires>
        <extension point="xbmc.addon.repository" name="Atrions Repo">
            <info compressed="false">https://raw.githubusercontent.com/Atrion/Kodi_Repo/master/_repo/addons.xml</info>
            <checksum>https://raw.githubusercontent.com/Atrion/Kodi_Repo/master/_repo/addons.xml.md5</checksum>
            <datadir zip="true">https://raw.githubusercontent.com/Atrion/Kodi_Repo/master/_repo/</datadir>
            <hashes>false</hashes>
        </extension>
        <extension point="xbmc.addon.metadata">
            <summary>Atrions Repository</summary>
            <description>Atrions Repo</description>
            <platform>all</platform>
    </extension>
</addon>
