<?xml version="1.0" encoding="UTF-8"?>
<window>
	<defaultcontrol>91</defaultcontrol>
	<controls>
		<include>CommonBackground</include>
		<control type="group">
			<include>Window_OpenClose_Animation_Zoom</include>
			<posx>0</posx>
			<posy>0</posy>
			<control type="image">
				<description>Menu Panel</description>
				<posx>0</posx>
				<posy>100</posy>
				<width>390</width>
				<height>750</height>
				<texture>back.png</texture>
			</control>
			<control type="grouplist" id="9">
				<description>button area</description>
				<posx>0</posx>
				<posy>130</posy>
				<width>390</width>
				<height>720</height>
				<itemgap>-1</itemgap>
				<onleft>9</onleft>
				<onright>9</onright>
				<onup>2</onup>
				<ondown>2</ondown>
				<control type="button" id="91">
					<width>390</width>
					<height>80</height>
					<aligny>center</aligny>
					<font>font24_title</font>
					<textcolor>white</textcolor>
					<texturefocus>list_focus.png</texturefocus>
					<texturenofocus></texturenofocus>
					<pulseonselect>false</pulseonselect>
					<label>Action Home Button</label>
					<textoffsetx>20</textoffsetx>
					<onfocus>Skin.SetString(SkinSettings,1)</onfocus>
				</control>
				<control type="button" id="95">
					<width>390</width>
					<height>80</height>
					<aligny>center</aligny>
					<font>font24_title</font>
					<textcolor>white</textcolor>
					<texturefocus>list_focus.png</texturefocus>
					<texturenofocus></texturenofocus>
					<pulseonselect>false</pulseonselect>
					<label>Icon Home Button</label>
					<textoffsetx>20</textoffsetx>
					<onfocus>Skin.SetString(SkinSettings,2)</onfocus>
				</control>
				<control type="button" id="95">
					<width>390</width>
					<height>80</height>
					<aligny>center</aligny>
					<font>font24_title</font>
					<textcolor>white</textcolor>
					<texturefocus>list_focus.png</texturefocus>
					<texturenofocus></texturenofocus>
					<pulseonselect>false</pulseonselect>
					<label>Label Home Button</label>
					<textoffsetx>20</textoffsetx>
					<onfocus>Skin.SetString(SkinSettings,3)</onfocus>
				</control>
				<control type="button" id="92">
					<description>Addon Button</description>
					<width>390</width>
					<height>80</height>
					<aligny>center</aligny>
					<font>font24_title</font>
					<textcolor>white</textcolor>
					<texturefocus>list_focus.png</texturefocus>
					<texturenofocus></texturenofocus>
					<pulseonselect>false</pulseonselect>
					<label>31549</label>
					<textoffsetx>20</textoffsetx>
					<onfocus>Skin.SetString(SkinSettings,4)</onfocus>
				</control>
				<control type="button" id="93">
					<description>Background Button</description>
					<width>390</width>
					<height>80</height>
					<aligny>center</aligny>
					<font>font24_title</font>
					<textcolor>white</textcolor>
					<texturefocus>list_focus.png</texturefocus>
					<texturenofocus></texturenofocus>
					<pulseonselect>false</pulseonselect>
					<label>31550</label>
					<textoffsetx>20</textoffsetx>
					<onfocus>Skin.SetString(SkinSettings,5)</onfocus>
				</control>
				<control type="button" id="94">
					<description>Logo Button</description>
					<width>390</width>
					<height>80</height>
					<aligny>center</aligny>
					<font>font24_title</font>
					<textcolor>white</textcolor>
					<texturefocus>list_focus.png</texturefocus>
					<texturenofocus></texturenofocus>
					<pulseonselect>false</pulseonselect>
					<label>Logo</label>
					<textoffsetx>20</textoffsetx>
					<onfocus>Skin.SetString(SkinSettings,6)</onfocus>
				</control>				
				<control type="button" id="96">
					<width>390</width>
					<height>80</height>
					<aligny>center</aligny>
					<font>font24_title</font>
					<textcolor>white</textcolor>
					<texturefocus>list_focus.png</texturefocus>
					<texturenofocus></texturenofocus>
					<pulseonselect>false</pulseonselect>
					<label>Other Show/Hide</label>
					<textoffsetx>20</textoffsetx>
					<onfocus>Skin.SetString(SkinSettings,7)</onfocus>
				</control>
				<control type="button" id="97">
					<width>390</width>
					<height>80</height>
					<aligny>center</aligny>
					<font>font24_title</font>
					<textcolor>white</textcolor>
					<texturefocus>list_focus.png</texturefocus>
					<texturenofocus></texturenofocus>
					<pulseonselect>false</pulseonselect>
					<label>Extras</label>
					<textoffsetx>20</textoffsetx>
					<onfocus>Skin.SetString(SkinSettings,8)</onfocus>
				</control>
			</control>
			<include content="SkinSettingsContent" condition="String.IsEqual(Skin.AspectRatio,16:9)">
				<param name="panel-width">1316</param>
				<param name="textbox-width">1286</param>
			</include>
			<include content="SkinSettingsContent" condition="String.IsEqual(Skin.AspectRatio,4:3)">
				<param name="panel-width">890</param>
				<param name="textbox-width">860</param>
			</include>
			<control type="grouplist" id="400">
				<description>control area</description>
				<posx>390</posx>
				<posy>140</posy>
				<width>$PARAM[panel-width]</width>
				<height>640</height>
				<pagecontrol>60</pagecontrol>
				<itemgap>-1</itemgap>
				<onup>200</onup>
				<ondown>9002</ondown>
				<onleft>9</onleft>
				<onright>60</onright>
				<visible>Skin.String(SkinSettings,6)</visible>
				<control type="radiobutton" id="403">
					<description>Custom Logo</description>
					<width>$PARAM[panel-width]</width>
					<height>80</height>		
					<aligny>center</aligny>
					<font>font24_title</font>
					<textcolor>white</textcolor>
					<texturefocus>list_focus.png</texturefocus>
					<texturenofocus border="40,0,40,5">bara_jos.png</texturenofocus>
					<pulseonselect>false</pulseonselect>
					<label>Use Custom Logo</label>
					<onclick>Skin.ToggleSetting(UseCustomLogo)</onclick>
					<selected>Skin.HasSetting(UseCustomLogo)</selected>
				</control>
				<control type="button" id="404">
					<description>Custom Logo Path</description>
					<width>$PARAM[panel-width]</width>
					<height>80</height>
					<aligny>center</aligny>
					<font>font24_title</font>
					<textcolor>white</textcolor>
					<texturefocus>list_focus.png</texturefocus>
					<texturenofocus border="40,0,40,5">list_nofocus.png</texturenofocus>
					<pulseonselect>false</pulseonselect>
					<label>Custom Logo Path:</label>
					<label2>[COLOR=selected]$INFO[Skin.String(CustomLogoPath)][/COLOR]</label2>
					<onclick>Skin.SetImage(CustomLogoPath)</onclick>
					<visible>Skin.HasSetting(UseCustomLogo)</visible>
				</control>

				<control type="radiobutton" id="406">
					<description>Show Logo Background</description>
					<width>$PARAM[panel-width]</width>
					<height>80</height>
					<aligny>center</aligny>
					<font>font24_title</font>
					<textcolor>white</textcolor>
					<texturefocus>list_focus.png</texturefocus>
					<texturenofocus border="40,0,40,5">bara_jos.png</texturenofocus>
					<pulseonselect>false</pulseonselect>
					<label>Show Logo Background</label>
					<textoffsetx>20</textoffsetx>
					<onclick>Skin.ToggleSetting(HideHomeButtonLogob)</onclick>
				    <selected>!Skin.HasSetting(HideHomeButtonLogob)</selected>
				</control>
				<control type="radiobutton" id="407">
					<description>Jump To CustomMusicOSD</description>
					<width>1280</width>
					<height>80</height>
					<aligny>center</aligny>
					<font>font24_title</font>
					<textcolor>white</textcolor>
					<texturefocus>list_focus.png</texturefocus>
					<texturenofocus border="40,0,40,5">bara_jos.png</texturenofocus>
					<pulseonselect>false</pulseonselect>
					<label>$LOCALIZE[40056]</label>
					<onclick>Skin.ToggleSetting(UseCustomMusicOSD)</onclick>
					<selected>Skin.HasSetting(UseCustomMusicOSD)</selected>
					<visible>false</visible>
				</control>
				<control type="radiobutton" id="408">
					<description>Show visualization</description>
					<width>$PARAM[panel-width]</width>
					<height>80</height>
					<aligny>center</aligny>
					<font>font24_title</font>
					<textcolor>white</textcolor>
					<texturefocus>list_focus.png</texturefocus>
					<texturenofocus border="40,0,40,5">bara_jos.png</texturenofocus>
					<pulseonselect>false</pulseonselect>
					<label>Hide Home Visualisation</label>
					<textoffsetx>20</textoffsetx>
					<onclick>Skin.ToggleSetting(HideHomeVisualisation)</onclick>
					<selected>Skin.HasSetting(HideHomeVisualisation)</selected>
				</control>
			</control>
			<control type="grouplist" id="500">
				<description>control area</description>
				<posx>390</posx>
				<posy>140</posy>
				<width>$PARAM[panel-width]</width>
				<height>640</height>
				<pagecontrol>60</pagecontrol>
				<itemgap>-1</itemgap>
				<onup>200</onup>
				<ondown>9002</ondown>
				<onleft>9</onleft>
				<onright>60</onright>
				<visible>Skin.String(SkinSettings,2)</visible>	
				<control type="radiobutton" id="501">
					<width>$PARAM[panel-width]</width>
					<height>80</height>		
					<aligny>center</aligny>
					<font>font24_title</font>
					<textcolor>white</textcolor>
					<texturefocus>list_focus.png</texturefocus>
					<texturenofocus border="40,0,40,5">bara_jos.png</texturenofocus>
					<pulseonselect>false</pulseonselect>
					<label>Use Custom Home Icon Button1</label>
					<onclick>Skin.ToggleSetting(UseCustomIcon1)</onclick>
					<selected>Skin.HasSetting(UseCustomIcon1)</selected>
				</control>
				<control type="button" id="502">
					<width>$PARAM[panel-width]</width>
					<height>80</height>
					<aligny>center</aligny>
					<font>font24_title</font>
					<textcolor>white</textcolor>
					<texturefocus>list_focus.png</texturefocus>
					<texturenofocus border="40,0,40,5">list_nofocus.png</texturenofocus>
					<pulseonselect>false</pulseonselect>
					<label>Custom Home Icon Button1 Path:</label>
					<label2>[COLOR=selected]$INFO[Skin.String(Customicon1Path)][/COLOR]</label2>
					<onclick>Skin.SetImage(CustomIcon1Path)</onclick>
					<visible>Skin.HasSetting(UseCustomicon1)</visible>
				</control>
				<control type="radiobutton" id="503">
					<width>$PARAM[panel-width]</width>
					<height>80</height>		
					<aligny>center</aligny>
					<font>font24_title</font>
					<textcolor>white</textcolor>
					<texturefocus>list_focus.png</texturefocus>
					<texturenofocus border="40,0,40,5">bara_jos.png</texturenofocus>
					<pulseonselect>false</pulseonselect>
					<label>Use Custom Home Icon Button2</label>
					<onclick>Skin.ToggleSetting(UseCustomIcon2)</onclick>
					<selected>Skin.HasSetting(UseCustomIcon2)</selected>
				</control>
				<control type="button" id="504">
					<width>$PARAM[panel-width]</width>
					<height>80</height>
					<aligny>center</aligny>
					<font>font24_title</font>
					<textcolor>white</textcolor>
					<texturefocus>list_focus.png</texturefocus>
					<texturenofocus border="40,0,40,5">list_nofocus.png</texturenofocus>
					<pulseonselect>false</pulseonselect>
					<label>Custom Home Icon Button2 Path:</label>
					<label2>[COLOR=selected]$INFO[Skin.String(Customicon2Path)][/COLOR]</label2>
					<onclick>Skin.SetImage(CustomIcon2Path)</onclick>
					<visible>Skin.HasSetting(UseCustomicon2)</visible>
				</control>
				<control type="radiobutton" id="505">
					<width>$PARAM[panel-width]</width>
					<height>80</height>		
					<aligny>center</aligny>
					<font>font24_title</font>
					<textcolor>white</textcolor>
					<texturefocus>list_focus.png</texturefocus>
					<texturenofocus border="40,0,40,5">bara_jos.png</texturenofocus>
					<pulseonselect>false</pulseonselect>
					<label>Use Custom Home Icon Button3</label>
					<onclick>Skin.ToggleSetting(UseCustomIcon3)</onclick>
					<selected>Skin.HasSetting(UseCustomIcon3)</selected>
				</control>
				<control type="button" id="506">
					<width>$PARAM[panel-width]</width>
					<height>80</height>
					<aligny>center</aligny>
					<font>font24_title</font>
					<textcolor>white</textcolor>
					<texturefocus>list_focus.png</texturefocus>
					<texturenofocus border="40,0,40,5">list_nofocus.png</texturenofocus>
					<pulseonselect>false</pulseonselect>
					<label>Custom Home Icon Button3 Path:</label>
					<label2>[COLOR=selected]$INFO[Skin.String(Customicon3Path)][/COLOR]</label2>
					<onclick>Skin.SetImage(CustomIcon3Path)</onclick>
					<visible>Skin.HasSetting(UseCustomicon3)</visible>
				</control>
				<control type="radiobutton" id="507">
					<width>$PARAM[panel-width]</width>
					<height>80</height>		
					<aligny>center</aligny>
					<font>font24_title</font>
					<textcolor>white</textcolor>
					<texturefocus>list_focus.png</texturefocus>
					<texturenofocus border="40,0,40,5">bara_jos.png</texturenofocus>
					<pulseonselect>false</pulseonselect>
					<label>Use Custom Home Icon Button4</label>
					<onclick>Skin.ToggleSetting(UseCustomIcon4)</onclick>
					<selected>Skin.HasSetting(UseCustomIcon4)</selected>
				</control>
				<control type="button" id="508">
					<width>$PARAM[panel-width]</width>
					<height>80</height>
					<aligny>center</aligny>
					<font>font24_title</font>
					<textcolor>white</textcolor>
					<texturefocus>list_focus.png</texturefocus>
					<texturenofocus border="40,0,40,5">list_nofocus.png</texturenofocus>
					<pulseonselect>false</pulseonselect>
					<label>Custom Home Icon Button4 Path:</label>
					<label2>[COLOR=selected]$INFO[Skin.String(Customicon4Path)][/COLOR]</label2>
					<onclick>Skin.SetImage(CustomIcon4Path)</onclick>
					<visible>Skin.HasSetting(UseCustomicon4)</visible>
				</control>
				<control type="radiobutton" id="509">
					<width>$PARAM[panel-width]</width>
					<height>80</height>		
					<aligny>center</aligny>
					<font>font24_title</font>
					<textcolor>white</textcolor>
					<texturefocus>list_focus.png</texturefocus>
					<texturenofocus border="40,0,40,5">bara_jos.png</texturenofocus>
					<pulseonselect>false</pulseonselect>
					<label>Use Custom Home Icon Button5</label>
					<onclick>Skin.ToggleSetting(UseCustomIcon5)</onclick>
					<selected>Skin.HasSetting(UseCustomIcon5)</selected>
				</control>
				<control type="button" id="510">
					<width>$PARAM[panel-width]</width>
					<height>80</height>
					<aligny>center</aligny>
					<font>font24_title</font>
					<textcolor>white</textcolor>
					<texturefocus>list_focus.png</texturefocus>
					<texturenofocus border="40,0,40,5">list_nofocus.png</texturenofocus>
					<pulseonselect>false</pulseonselect>
					<label>Custom Home Icon Button5 Path:</label>
					<label2>[COLOR=selected]$INFO[Skin.String(Customicon5Path)][/COLOR]</label2>
					<onclick>Skin.SetImage(CustomIcon5Path)</onclick>
					<visible>Skin.HasSetting(UseCustomicon5)</visible>
				</control>
				<control type="radiobutton" id="511">
					<width>$PARAM[panel-width]</width>
					<height>80</height>		
					<aligny>center</aligny>
					<font>font24_title</font>
					<textcolor>white</textcolor>
					<texturefocus>list_focus.png</texturefocus>
					<texturenofocus border="40,0,40,5">bara_jos.png</texturenofocus>
					<pulseonselect>false</pulseonselect>
					<label>Use Custom Home Icon Button6</label>
					<onclick>Skin.ToggleSetting(UseCustomIcon6)</onclick>
					<selected>Skin.HasSetting(UseCustomIcon6)</selected>
				</control>
				<control type="button" id="512">
					<width>$PARAM[panel-width]</width>
					<height>80</height>
					<aligny>center</aligny>
					<font>font24_title</font>
					<textcolor>white</textcolor>
					<texturefocus>list_focus.png</texturefocus>
					<texturenofocus border="40,0,40,5">list_nofocus.png</texturenofocus>
					<pulseonselect>false</pulseonselect>
					<label>Custom Home Icon Button6 Path:</label>
					<label2>[COLOR=selected]$INFO[Skin.String(Customicon6Path)][/COLOR]</label2>
					<onclick>Skin.SetImage(CustomIcon6Path)</onclick>
					<visible>Skin.HasSetting(UseCustomicon6)</visible>
				</control>
			</control>
		</control>
		<control type="grouplist" id="600">
				<description>control area</description>
				<posx>390</posx>
				<posy>140</posy>
				<width>$PARAM[panel-width]</width>
				<height>640</height>
				<pagecontrol>60</pagecontrol>
				<itemgap>-1</itemgap>
				<onup>200</onup>
				<ondown>9002</ondown>
				<onleft>9</onleft>
				<onright>60</onright>
				<visible>Skin.String(SkinSettings,3)</visible>	
				<control type="radiobutton" id="601">
					<width>$PARAM[panel-width]</width>
					<height>80</height>		
					<aligny>center</aligny>
					<font>font24_title</font>
					<textcolor>white</textcolor>
					<texturefocus>list_focus.png</texturefocus>
					<texturenofocus border="40,0,40,5">bara_jos.png</texturenofocus>
					<pulseonselect>false</pulseonselect>
					<label>Use Custom Label Home Button1 (Videos)</label>
					<onclick>Skin.ToggleSetting(UseCustomLabelButton1)</onclick>
					<selected>Skin.HasSetting(UseCustomLabelButton1)</selected>
				</control>
				<control type="button" id="602">
					<width>$PARAM[panel-width]</width>
					<height>80</height>
					<aligny>center</aligny>
					<font>font24_title</font>
					<textcolor>white</textcolor>
					<texturefocus>list_focus.png</texturefocus>
					<texturenofocus border="40,0,40,5">list_nofocus.png</texturenofocus>
					<pulseonselect>false</pulseonselect>
					<label>Click to set label for button 1. Label is:</label>
					<label2>$INFO[Skin.String(CustomLabelButton1)]</label2>
					<onclick>Skin.SetString(CustomLabelButton1)</onclick>
					<selected>Skin.HasSetting(CustomLabelButton1)</selected>
					<visible>Skin.HasSetting(UseCustomLabelButton1)</visible>
				</control>
				<control type="radiobutton" id="603">
					<width>$PARAM[panel-width]</width>
					<height>80</height>		
					<aligny>center</aligny>
					<font>font24_title</font>
					<textcolor>white</textcolor>
					<texturefocus>list_focus.png</texturefocus>
					<texturenofocus border="40,0,40,5">bara_jos.png</texturenofocus>
					<pulseonselect>false</pulseonselect>
					<label>Use Custom Label Home Button2 (Navigation)</label>
					<onclick>Skin.ToggleSetting(UseCustomLabelButton2)</onclick>
					<selected>Skin.HasSetting(UseCustomLabelButton2)</selected>
				</control>
				<control type="button" id="604">
					<width>$PARAM[panel-width]</width>
					<height>80</height>
					<aligny>center</aligny>
					<font>font24_title</font>
					<textcolor>white</textcolor>
					<texturefocus>list_focus.png</texturefocus>
					<texturenofocus border="40,0,40,5">list_nofocus.png</texturenofocus>
					<pulseonselect>false</pulseonselect>
					<label>Click to set label for button2. Label is:</label>
					<label2>$INFO[Skin.String(CustomLabelButton2)]</label2>
					<onclick>Skin.SetString(CustomLabelButton2)</onclick>
					<selected>Skin.HasSetting(CustomLabelButton2)</selected>
					<visible>Skin.HasSetting(UseCustomLabelButton2)</visible>
				</control>
				<control type="radiobutton" id="605">
					<width>$PARAM[panel-width]</width>
					<height>80</height>		
					<aligny>center</aligny>
					<font>font24_title</font>
					<textcolor>white</textcolor>
					<texturefocus>list_focus.png</texturefocus>
					<texturenofocus border="40,0,40,5">bara_jos.png</texturenofocus>
					<pulseonselect>false</pulseonselect>
					<label>Use Custom Label Home Button3 (Radio)</label>
					<onclick>Skin.ToggleSetting(UseCustomLabelButton3)</onclick>
					<selected>Skin.HasSetting(UseCustomLabelButton3)</selected>
				</control>
				<control type="button" id="606">
					<width>$PARAM[panel-width]</width>
					<height>80</height>
					<aligny>center</aligny>
					<font>font24_title</font>
					<textcolor>white</textcolor>
					<texturefocus>list_focus.png</texturefocus>
					<texturenofocus border="40,0,40,5">list_nofocus.png</texturenofocus>
					<pulseonselect>false</pulseonselect>
					<label>Click to set label for button3. Label is:</label>
					<label2>$INFO[Skin.String(CustomLabelButton3)]</label2>
					<onclick>Skin.SetString(CustomLabelButton3)</onclick>
					<selected>Skin.HasSetting(CustomLabelButton3)</selected>
					<visible>Skin.HasSetting(UseCustomLabelButton3)</visible>
				</control>
				<control type="radiobutton" id="607">
					<width>$PARAM[panel-width]</width>
					<height>80</height>		
					<aligny>center</aligny>
					<font>font24_title</font>
					<textcolor>white</textcolor>
					<texturefocus>list_focus.png</texturefocus>
					<texturenofocus border="40,0,40,5">bara_jos.png</texturenofocus>
					<pulseonselect>false</pulseonselect>
					<label>Use Custom Label Home Button4 (Music)</label>
					<onclick>Skin.ToggleSetting(UseCustomLabelButton4)</onclick>
					<selected>Skin.HasSetting(UseCustomLabelButton4)</selected>
				</control>
				<control type="button" id="608">
					<width>$PARAM[panel-width]</width>
					<height>80</height>
					<aligny>center</aligny>
					<font>font24_title</font>
					<textcolor>white</textcolor>
					<texturefocus>list_focus.png</texturefocus>
					<texturenofocus border="40,0,40,5">list_nofocus.png</texturenofocus>
					<pulseonselect>false</pulseonselect>
					<label>Click to set label for button4. Label is:</label>
					<label2>$INFO[Skin.String(CustomLabelButton4)]</label2>
					<onclick>Skin.SetString(CustomLabelButton4)</onclick>
					<selected>Skin.HasSetting(CustomLabelButton4)</selected>
					<visible>Skin.HasSetting(UseCustomLabelButton4)</visible>
				</control>
				<control type="radiobutton" id="609">
					<width>$PARAM[panel-width]</width>
					<height>80</height>		
					<aligny>center</aligny>
					<font>font24_title</font>
					<textcolor>white</textcolor>
					<texturefocus>list_focus.png</texturefocus>
					<texturenofocus border="40,0,40,5">bara_jos.png</texturenofocus>
					<pulseonselect>false</pulseonselect>
					<label>Use Custom Label Home Button5 (Programs)</label>
					<onclick>Skin.ToggleSetting(UseCustomLabelButton5)</onclick>
					<selected>Skin.HasSetting(UseCustomLabelButton5)</selected>
				</control>
				<control type="button" id="610">
					<width>$PARAM[panel-width]</width>
					<height>80</height>
					<aligny>center</aligny>
					<font>font24_title</font>
					<textcolor>white</textcolor>
					<texturefocus>list_focus.png</texturefocus>
					<texturenofocus border="40,0,40,5">list_nofocus.png</texturenofocus>
					<pulseonselect>false</pulseonselect>
					<label>Click to set label for button5. Label is:</label>
					<label2>$INFO[Skin.String(CustomLabelButton5)]</label2>
					<onclick>Skin.SetString(CustomLabelButton5)</onclick>
					<selected>Skin.HasSetting(CustomLabelButton5)</selected>
					<visible>Skin.HasSetting(UseCustomLabelButton5)</visible>
				</control>
				<control type="radiobutton" id="611">
					<width>$PARAM[panel-width]</width>
					<height>80</height>		
					<aligny>center</aligny>
					<font>font24_title</font>
					<textcolor>white</textcolor>
					<texturefocus>list_focus.png</texturefocus>
					<texturenofocus border="40,0,40,5">bara_jos.png</texturenofocus>
					<pulseonselect>false</pulseonselect>
					<label>Use Custom Label Home Button6 (Shutdown)</label>
					<onclick>Skin.ToggleSetting(UseCustomLabelButton6)</onclick>
					<selected>Skin.HasSetting(UseCustomLabelButton6)</selected>
				</control>
				<control type="button" id="612">
					<width>$PARAM[panel-width]</width>
					<height>80</height>
					<aligny>center</aligny>
					<font>font24_title</font>
					<textcolor>white</textcolor>
					<texturefocus>list_focus.png</texturefocus>
					<texturenofocus border="40,0,40,5">list_nofocus.png</texturenofocus>
					<pulseonselect>false</pulseonselect>
					<label>Click to set label for button6. Label is:</label>
					<label2>$INFO[Skin.String(CustomLabelButton6)]</label2>
					<onclick>Skin.SetString(CustomLabelButton6)</onclick>
					<selected>Skin.HasSetting(CustomLabelButton6)</selected>
					<visible>Skin.HasSetting(UseCustomLabelButton6)</visible>
				</control>
			</control>
			<control type="grouplist" id="700">
					<description>control area</description>
					<posx>390</posx>
					<posy>140</posy>
					<width>$PARAM[panel-width]</width>
					<height>640</height>
					<pagecontrol>60</pagecontrol>
					<itemgap>-1</itemgap>
					<onup>200</onup>
					<ondown>9002</ondown>
					<onleft>9</onleft>
					<onright>60</onright>
				<visible>Skin.String(SkinSettings,7)</visible>
					<control type="radiobutton" id="710">
						<description>Hide Home Weather</description>
						<width>$PARAM[panel-width]</width>
						<height>80</height>
						<aligny>center</aligny>
						<font>font24_title</font>
						<textcolor>white</textcolor>
						<texturefocus>list_focus.png</texturefocus>
						<texturenofocus>bara_jos.png</texturenofocus>
						<pulseonselect>false</pulseonselect>
						<label>$LOCALIZE[8]</label>
						<onclick>Skin.ToggleSetting(HideHomeButtonWeather)</onclick>
						<selected>!Skin.HasSetting(HideHomeButtonWeather)</selected>
						<textoffsetx>20</textoffsetx>
					</control>
					<control type="radiobutton" id="711">
						<description>Hide buttom addon</description>
						<width>$PARAM[panel-width]</width>
						<height>80</height>
						<aligny>center</aligny>
						<font>font24_title</font>
						<textcolor>white</textcolor>
						<texturefocus>list_focus.png</texturefocus>
						<texturenofocus>bara_jos.png</texturenofocus>
						<pulseonselect>false</pulseonselect>
						<label>Home Addon</label>
						<onclick>Skin.ToggleSetting(HideHomeButtonAddon)</onclick>
						<selected>!Skin.HasSetting(HideHomeButtonAddon)</selected>
						<textoffsetx>20</textoffsetx>
					</control>
					<control type="radiobutton" id="712">
						<description>Hide Home Apps</description>
						<width>$PARAM[panel-width]</width>
						<height>80</height>
						<aligny>center</aligny>
						<font>font24_title</font>
						<textcolor>white</textcolor>
						<texturefocus>list_focus.png</texturefocus>
						<texturenofocus>bara_jos.png</texturenofocus>
						<pulseonselect>false</pulseonselect>
						<label>Home Android Apps</label>
						<onclick>Skin.ToggleSetting(HideHomeButtonApps)</onclick>
						<selected>!Skin.HasSetting(HideHomeButtonApps)</selected>
						<textoffsetx>20</textoffsetx>
					</control>
					<control type="radiobutton" id="713">
						<description>Hide Home Recent Albums</description>
						<width>$PARAM[panel-width]</width>
						<height>80</height>
						<aligny>center</aligny>
						<font>font24_title</font>
						<textcolor>white</textcolor>
						<texturefocus>list_focus.png</texturefocus>
						<texturenofocus>bara_jos.png</texturenofocus>
						<pulseonselect>false</pulseonselect>
						<label>Home Recent Albums</label>
						<onclick>Skin.ToggleSetting(HideHomeButtonRecentAlbums)</onclick>
						<selected>!Skin.HasSetting(HideHomeButtonRecentAlbums)</selected>
						<textoffsetx>20</textoffsetx>
					</control>
					<control type="radiobutton" id="714">
						<description>Hide Home Recent Movie</description>
						<width>$PARAM[panel-width]</width>
						<height>80</height>
						<aligny>center</aligny>
						<font>font24_title</font>
						<textcolor>white</textcolor>
						<texturefocus>list_focus.png</texturefocus>
						<texturenofocus>bara_jos.png</texturenofocus>
						<pulseonselect>false</pulseonselect>
						<label>Home Recent Movies</label>
						<onclick>Skin.ToggleSetting(HideHomeButtonRecentMovie)</onclick>
						<selected>!Skin.HasSetting(HideHomeButtonRecentMovie)</selected>
						<textoffsetx>20</textoffsetx>
					</control>
					<control type="radiobutton" id="715">
						<width>$PARAM[panel-width]</width>
						<height>80</height>
						<aligny>center</aligny>
						<font>font24_title</font>
						<textcolor>white</textcolor>
						<texturefocus>list_focus.png</texturefocus>
						<texturenofocus>bara_jos.png</texturenofocus>
						<pulseonselect>false</pulseonselect>
						<label>Home Button Favourites</label>
						<onclick>Skin.ToggleSetting(HideHomeButtonFavourites)</onclick>
						<selected>!Skin.HasSetting(HideHomeButtonFavourites)</selected>
						<textoffsetx>20</textoffsetx>
					</control>
					<control type="radiobutton" id="716">
						<width>$PARAM[panel-width]</width>
						<height>80</height>
						<aligny>center</aligny>
						<font>font24_title</font>
						<textcolor>white</textcolor>
						<texturefocus>list_focus.png</texturefocus>
						<texturenofocus>bara_jos.png</texturenofocus>
						<pulseonselect>false</pulseonselect>
						<label>Home Button File Maneger</label>
						<onclick>Skin.ToggleSetting(HideHomeButtonFileManager)</onclick>
						<selected>!Skin.HasSetting(HideHomeButtonFileManager)</selected>
						<textoffsetx>20</textoffsetx>
					</control>
					<control type="radiobutton" id="717">
						<width>$PARAM[panel-width]</width>
						<height>80</height>
						<aligny>center</aligny>
						<font>font24_title</font>
						<textcolor>white</textcolor>
						<texturefocus>list_focus.png</texturefocus>
						<texturenofocus>bara_jos.png</texturenofocus>
						<pulseonselect>false</pulseonselect>
						<label>Home Time</label>
						<onclick>Skin.ToggleSetting(HideHomeButtonTime)</onclick>
						<selected>!Skin.HasSetting(HideHomeButtonTime)</selected>
						<textoffsetx>20</textoffsetx>
					</control>
		    </control>
			    <control type="grouplist" id="800">
			    <description>control area</description>
			    <posx>390</posx>
			    <posy>140</posy>
			    <width>$PARAM[panel-width]</width>
			    <height>640</height>
			    <itemgap>-1</itemgap>
			    <onup>200</onup>
			    <ondown>9002</ondown>
			    <onleft>9</onleft>
			    <onright>60</onright>
			    <visible>Skin.String(SkinSettings,8)</visible>
			      <control type="radiobutton" id="801">
					<width>$PARAM[panel-width]</width>
					<height>80</height>		
					<aligny>center</aligny>
					<font>font24_title</font>
					<textcolor>white</textcolor>
					<texturefocus>list_focus.png</texturefocus>
					<texturenofocus border="40,0,40,5">bara_jos.png</texturenofocus>
					<pulseonselect>false</pulseonselect>
					<label>Start video intro</label>
					<onclick>Skin.ToggleSetting(Use_Startup_Playlist)</onclick>
					<selected>Skin.HasSetting(Use_Startup_Playlist)</selected>
				</control>
				<control type="button" id="802">
					<description>Custom Logo Path</description>
					<width>$PARAM[panel-width]</width>
					<height>80</height>
					<aligny>center</aligny>
					<font>font24_title</font>
					<textcolor>white</textcolor>
					<texturefocus>list_focus.png</texturefocus>
					<texturenofocus border="40,0,40,5">list_nofocus.png</texturenofocus>
					<pulseonselect>false</pulseonselect>
					<label>Custom video intro path:</label>
					<label2>$INFO[Skin.String(Startup_Playlist_Path)]</label2>
					<onclick>Skin.SetFile(Startup_Playlist_Path,,special://MusicPlaylists/)</onclick>
					<enable>Skin.HasSetting(Use_Startup_Playlist)</enable>
					<visible>Skin.HasSetting(Use_Startup_Playlist)</visible>
				</control>
	    </control>	
		<include>Header</include>
		<include>CommonNowPlaying</include>
		<include>Footer</include>
		<control type="label">
			<description>Window label</description>
			<include>MediaWindowTitleCommons</include>
			<label>$LOCALIZE[20077]</label>
		</control>
		<control type="panel" id="9002">
			<include>VisibleFadeEffect</include>
			<include>BottomMenuLayout</include>
			<content>
				<item>
					<label>31200</label>
					<onclick>Back</onclick>
					<icon>icon_button_back.png</icon>
				</item>
				<item>
					<label>1036</label>
					<onclick>ActivateWindow(Favourites)</onclick>
					<icon>icon_button_favourites.png</icon>
				</item>
			</content>
		</control>
		<include>DayNight</include>
	</controls>
</window>
