<window id="1998">
	<defaultcontrol always="true">5007</defaultcontrol>
	<!-- removed allowoverlay -->
     <controls>
		
		<include>CommonBackground</include>
		<include>HomeButtonCommons</include>
        <include>BottomNowPLaying</include>
<!--    <include>Time</include>  -->
      
 		<control type="group" id="">
		<include>Window_OpenClose_Animation_Fade</include>
			<posx>150</posx>
			<posy>100</posy>
			<include>VisibleFadeEffect</include>
			<control type="label">
				<description>Title Shutdown?</description>
				<posx>0</posx>
				<posy>0</posy>
				<height>100</height>
				<width>1000</width>
				<label>$LOCALIZE[31118]</label>
				<align>center</align>
				<aligny>center</aligny>
				<font>font30_title</font>
				<textcolor>FFFFFFFF</textcolor>		
			</control>
		</control>
		
		
		
		<control type="group" id="5000">
		<include>Window_OpenClose_Animation_Fade</include>
			<posx>300</posx>
			<posy>200</posy>
			<include>VisibleFadeEffect</include>
			<control type="button" id="5001">
				<description>Shutdown Button</description>
                <onup>Control.SetFocus(666)</onup>
                <ondown>Control.SetFocus(5007)</ondown>
                <onright>Control.SetFocus(5003)</onright>
                <posx>0</posx>
				<posy>0</posy>
				<width>210</width>
				<height>200</height>
				<font>-</font>
				<texturefocus colordiffuse="$VAR[CustomColorFocus]">icon_shutdownnf.png</texturefocus>
				<texturenofocus colordiffuse="$VAR[CustomColorNofocus]">icon_shutdownnf.png</texturenofocus>
				<onclick>RunScript("special://skin/scripts/system_poweroff.py")</onclick>
			</control>
			<control type="label">
				<description>Shutdown</description>
				<posx>0</posx>
				<posy>210</posy>
				<height>50</height>
				<width>210</width>
				<label>$LOCALIZE[31119]</label>
				<align>center</align>
				<aligny>top</aligny>
				<font>font30_title</font>
				<textcolor>$VAR[CustomColorNofocus]</textcolor>	
			</control>
		</control>


		<control type="group" id="5002">
		<include>Window_OpenClose_Animation_Fade</include>
			<posx>535</posx>
			<posy>200</posy>
			<include>VisibleFadeEffect</include>
			<control type="button" id="5003">
				<description>Button Reboot</description>
                <onup>Control.SetFocus(666)</onup>
                <onleft>Control.SetFocus(5001)</onleft>
                <onright>Control.SetFocus(5005)</onright>
                <ondown>Control.SetFocus(5007)</ondown>
                <posx>0</posx>
				<posy>0</posy>
				<width>210</width>
				<height>200</height>
				<font>-</font>
				<texturefocus colordiffuse="$VAR[CustomColorFocus]">icon_rebootnf.png</texturefocus>
				<texturenofocus colordiffuse="$VAR[CustomColorNofocus]">icon_rebootnf.png</texturenofocus>
				<onclick>RunScript("special://skin/scripts/system_reboot.py")</onclick>
			</control>
			<control type="label">
				<description>Reboot</description>
				<posx>0</posx>
				<posy>210</posy>
				<height>50</height>
				<width>210</width>
				<label>$LOCALIZE[31120]</label>
				<align>center</align>
				<aligny>top</aligny>
				<font>font30_title</font>
				<textcolor>$VAR[CustomColorNofocus]</textcolor>	
			</control>
		</control>

		<control type="group" id="5004">
		<include>Window_OpenClose_Animation_Fade</include>
			<posx>770</posx>
			<posy>200</posy>
			<include>VisibleFadeEffect</include>
			<control type="button" id="5005">
				<description>Button Reload Skin</description>
                <onup>Control.SetFocus(666)</onup>
                <onleft>Control.SetFocus(5003)</onleft>
                <ondown>Control.SetFocus(5007)</ondown>
                <posx>0</posx>
				<posy>0</posy>
				<width>210</width>
				<height>200</height>
				<font>-</font>
				<texturefocus colordiffuse="$VAR[CustomColorFocus]">icon_reloadnf.png</texturefocus>
				<texturenofocus colordiffuse="$VAR[CustomColorNofocus]">icon_reloadnf.png</texturenofocus>
				<onclick>XBMC.ReloadSkin()</onclick>
			</control>
			<control type="label">
				<description>Reload</description>
				<posx>0</posx>
				<posy>210</posy>
				<height>50</height>
				<width>210</width>
				<label>$LOCALIZE[31121]</label>
				<align>center</align>
				<aligny>top</aligny>
				<font>font30_title</font>
				<textcolor>$VAR[CustomColorNofocus]</textcolor>	
			</control>
		</control>

		<control type="group" id="5006">
		<include>Window_OpenClose_Animation_Fade</include>
			<posx>490</posx>
			<posy>500</posy>
			<include>VisibleFadeEffect</include>
			<control type="button" id="5007">
				<description>Button Cancel</description>
                <onup>Control.SetFocus(5005)</onup>
                <ondown>Control.SetFocus(5009)</ondown>
                <posx>0</posx>
				<posy>0</posy>
				<width>300</width>
				<height>80</height>
				<font>-</font>
				<texturefocus colordiffuse="$VAR[CustomColorFocus]">button_outline.png</texturefocus>
				<texturenofocus colordiffuse="$VAR[CustomColorNofocus]">button_outline.png</texturenofocus>
				<onclick>back</onclick>
			</control>

			<control type="label">
				<visible>!Control.HasFocus(5007)</visible>
				<description>Cancel</description>
				<posx>0</posx>
				<posy>20</posy>
				<height>50</height>
				<width>300</width>
				<label>$LOCALIZE[31122]</label>
				<align>center</align>
				<aligny>top</aligny>
				<font>font30_title</font>
				<textcolor>$VAR[CustomColorNofocus]</textcolor>	
			</control>
			<control type="label">
				<visible>Control.HasFocus(5007)</visible>
				<description>Cancel</description>
				<posx>0</posx>
				<posy>20</posy>
				<height>50</height>
				<width>300</width>
				<label>$LOCALIZE[31122]</label>
				<align>center</align>
				<aligny>top</aligny>
				<font>font30_title</font>
				<textcolor>$VAR[CustomColorFocus]</textcolor>	
			</control>
		</control>
		
		
		<control type="label">
			<description>Window label</description>
			<include>MediaWindowTitleCommons</include>
			<label>Shutdown Dialog</label>
		</control>
		
		<control type="group" id="5008">
           <include>Window_OpenClose_Animation_Fade</include>
            <posx>95r</posx>
            <posy>85r</posy>
            <control type="button" id="5009">
                <ondown>Control.SetFocus(5001)</ondown>
                <onup>Control.SetFocus(5007)</onup>
                <onleft>Control.SetFocus()</onleft>
				<onright></onright>
                <description>Back Button</description>
                <posx>0</posx>
                <posy>0</posy>
                <width>70</width>
                <height>70</height>
                <texturenofocus colordiffuse="$VAR[CustomColorNofocus]">icon_back_w.png</texturenofocus>
                <texturefocus colordiffuse="$VAR[CustomColorFocus]">icon_back_w.png</texturefocus>
                <onclick>back</onclick>
            </control>   
<!--        <control type="image">
                <description>Back Button Image</description>
                <posx>0</posx>
                <posy>0</posy>
                <width>82</width>
                <height>82</height>
                <texture>icon_back_w.png</texture>
                <bordersize>12</bordersize>
            </control>  -->
        </control>
		
		<include>BehindDialogFadeOut</include>
		      
   </controls>      
</window>
