<?xml version="1.0" encoding="UTF-8" standalone="yes"?>
<addon id="script.cinemavision" name="CinemaVision" version="1.1.0" provider-name="CinemaVision">
    <requires>
        <import addon="xbmc.python" version="2.1.0"/>
        <import addon="script.module.youtube.dl" version="15.318.0"/>
        <import addon="script.module.beautifulsoup" version="3.0.8"/>
        <import addon="script.module.requests" version="2.3.0"/>
    </requires>
    <extension point="xbmc.python.script" library="addon.py">
        <provides>executable</provides>
    </extension>
    <extension point="xbmc.addon.metadata">
        <summary lang="en">Create a movie theater experience in the comfort of your own home!</summary>
        <summary lang="es">Crear una experiencia de cine en la comodidad de su propia casa!</summary>
        <summary lang="de">Erstellen Sie ein Kinoerlebnis in den Komfort der Ihren eigenen vier Wänden!</summary>
        <summary lang="pt-br">Crie uma experiência de cinema no conforto da sua própria casa!</summary>
        <description lang="en">Create a sequence of trivia slides, video bumpers, trailers and more that will bring the experience of a movie theater straight to your home theater. Share your sequences, customize your content and collaborate online at CinemaVision.tv!</description>
        <description lang="es">Crear una secuencia de diapositivas de trivia, parachoques vídeos, trailers y mucho más que traerán la experiencia de una sala de cine directamente a su cine en casa. Comparte tus secuencias, personalizar el contenido y colaborar en línea en CinemaVision.tv!</description>
        <description lang="de">Erstellen Sie eine Sequenz von trivia Dias, Video Stoßstangen, Trailer und vieles mehr, die die Erfahrung eines Filmtheaters direkt auf Ihr Heimkino bringen wird. Teile deine Sequenzen, passen Sie Ihre Inhalte und online zusammenarbeiten bei CinemaVision.tv!</description>
        <description lang="pt-br">Criar uma seqüência de slides trivia, pára-choques de vídeo, trailers e muito mais que trará a experiência de um cinema direto para o seu home theater. Compartilhe suas sequências, personalize o seu conteúdo e colaborar online no CinemaVision.tv!</description>
        <disclaimer lang="en">This work is licensed under a Creative Commons Attribution-NonCommercial-ShareAlike 4.0 International License. Visit the website for details.</disclaimer>
        <disclaimer lang="es">Esta obra está bajo una licencia internacional Creative Commons Attribution-NonCommercial-ShareAlike 4.0. Visite el sitio web para más detalles.</disclaimer>
        <disclaimer lang="de">Diese Seite ist unter einer Creative Commons Attribution-NonCommercial-ShareAlike 4.0 Internationale lizensiert. Besuchen Sie die Website für weitere Details.</disclaimer>
        <disclaimer lang="pt-br">Esta obra está licenciada sob uma Licença Internacional Creative Commons Attribution-Noncommercial-Share Alike 4.0. Visite o site para mais detalhes.</disclaimer>
        <platform>all</platform>
        <license>Creative Commons Attribution-NonCommercial-ShareAlike 4.0 International</license>
        <forum>http://www.cinemavision.tv/forums/</forum>
        <website>http://www.cinemavision.tv/</website>
        <source>https://github.com/CinemaVision/script.cinemavision</source>
        <assets>
            <icon>icon.png</icon>
            <screenshot>resources/screenshots/screenshot1.png</screenshot>
            <screenshot>resources/screenshots/screenshot2.png</screenshot>
            <screenshot>resources/screenshots/screenshot3.png</screenshot>
        </assets>
        <news>
add:     Added 'Sequence settings' option to context menu
add:     Sequence settings: Conditions Attributes for automatic sequence selection
add:     Sequence settings: Show in selection dialog Toggle
fix:     Issues found with non-english characters in the file names of Action files causing errors
fix:     Issue #6 With context menu visible the options icon for disabled changes to enabled
fix:     Issue #70 Up/Down nav on options occasionally fails
fix:     Issue #71 ImportError: Failed to import _strptime because the import lockis held by another thread
fix:     Issue #78 AttributeError: 'ExperiencePlayer' object has no attribute 'processor'
change:  Issue #33 Change demo content location
fix:     Issue #10 When adding module sometimes jumps to the start
fix:     Issue #73 iTunes scraper picking up clips
change:  Issue #74 Remove 'Enabled: YES/NO' from settings display
add:     Issue #50 Add 'Reset module to defaults'
fix:     Update demo music to point to a working stream
change:  Make various logging cleaner and more human readable
fix:     Issue #115 Error caused when playing a movie with no active sequences
fix:     Issue #116 Error when saving a sequence
change:  Better handling of read/write falures and errors to help troubleshooting - Issue #95
        </news>
    </extension>
</addon>
