<window id="3">
	<defaultcontrol>20</defaultcontrol>
	<!-- removed allowoverlay -->
	<backgroundcolor>0</backgroundcolor>
	<controls>
		<include>CommonBackground</include>
<!--	<include>Time</include> -->
		<include>HomeButtonCommons</include>
        <include>BottomNowPLaying</include>
		
		<control type="group">
			<animation effect="slide" start="-620,0" end="0,0" time="400" tween="quadratic" easing="out">WindowOpen</animation>
			<animation effect="slide" start="0,0" end="-620,0" time="400" tween="quadratic" easing="out">WindowClose</animation>	
			<control type="image">
				<posx>-5</posx>
				<posy>75</posy>
				<width>637</width>
				<height>60</height>
				<texture>dialog_back_black.png</texture>
				<colordiffuse>99FFFFFF</colordiffuse> 
			</control>
			<control type="image">
				<posx>-5</posx>
				<posy>135</posy>
				<width>637</width>
				<height>467</height>
				<texture>dialog_back_black.png</texture>
<!--			<colordiffuse>99FFFFFF</colordiffuse> -->
			</control>
			<control type="image">
				<posx>575</posx>
				<posy>78</posy>
				<width>55</width>
				<height>55</height>
				<aspectratio>keep</aspectratio>
				<info>Container(20).ListItem.Icon</info>
			</control>
			<control type="label">
				<description>header label</description>
				<posx>325</posx>
				<posy>120r</posy>
				<width>50</width>
				<height>50</height>
				<font>font36_title</font>
				<label>[B]A[/B]</label>
				<align>left</align>
				<aligny>center</aligny>
				<textcolor>blue</textcolor>
				<shadowcolor>black</shadowcolor>
			</control>
			<control type="label" id="101">
				<description>current directory text label</description>
				<posx>10</posx>
				<posy>95</posy>
				<width>550</width>
				<height>30</height>
				<font>font30</font>
				<textcolor>white</textcolor>
				<shadowcolor>black</shadowcolor>
				<scroll>true</scroll>
				<align>left</align>
				<aligny>center</aligny>
			</control>

			<control type="list" id="20">
				<posx>65</posx>
				<posy>145</posy>
				<width>600</width>
				<height>450</height>
				<onleft>30</onleft>
				<onright>21</onright>
				<onup>20</onup>
				<ondown>20</ondown>
				<pagecontrol>30</pagecontrol>
				<scrolltime>200</scrolltime>
				<itemlayout height="45">
					<control type="image">
						<posx>0</posx>
						<posy>-8</posy>
						<width>600</width>
						<height>45</height>
						<texture>MenuItemNF.png</texture>
					</control>
					<control type="label">
						<posx>10</posx>
						<posy>0</posy>
						<width>540</width>
						<height>36</height>
						<font>font30</font>
						<aligny>center</aligny>
						<selectedcolor>selected</selectedcolor>
						<textcolor>white</textcolor>
						<align>left</align>
						<info>ListItem.Label</info>
					</control>
					<control type="label">
						<posx>530</posx>
						<posy>5</posy>
						<width>200</width>
						<height>24</height>
						<font>font30</font>
						<aligny>center</aligny>
						<selectedcolor>selected</selectedcolor>
						<textcolor>white</textcolor>
						<align>right</align>
						<info>ListItem.Label2</info>
					</control>
				</itemlayout>
				<focusedlayout height="45">
					<control type="image">
						<posx>0</posx>
						<posy>-8</posy>
						<width>600</width>
						<height>45</height>
						<visible>!Control.HasFocus(20)</visible>
						<texture border="0,2,0,2">MenuItemNF.png</texture>
					</control>
					<control type="image">
						<posx>00</posx>
						<posy>-8</posy>
						<width>600</width>
						<height>45</height>
						<visible>Control.HasFocus(20)</visible>
						<texture border="0,2,0,2">MenuItemNF.png</texture>
						<colordiffuse>95FFF000</colordiffuse>
					</control>
					<control type="label">
						<posx>10</posx>
						<posy>0</posy>
						<width>540</width>
						<height>36</height>
						<font>font30</font>
						<aligny>center</aligny>
						<selectedcolor>selected</selectedcolor>
						<textcolor>green</textcolor>
						<align>left</align>
						<info>ListItem.Label</info>
					</control>
					<control type="label">
						<posx>510</posx>
						<posy>5</posy>
						<width>200</width>
						<height>24</height>
						<font>font20</font>
						<aligny>center</aligny>
						<selectedcolor>selected</selectedcolor>
						<textcolor>grey</textcolor>
						<align>right</align>
						<info>ListItem.Label2</info>
					</control>
				</focusedlayout>
			</control>
            <control type="button" id="6001">
                <description>Button PageUp</description>
                <posx>10</posx>
                <posy>150</posy>
                <width>40</width>
                <height>40</height>
				<texturefocus colordiffuse="$VAR[CustomColorFocus]">arrow-up.png</texturefocus>
				<texturenofocus>arrow-up.png</texturenofocus>
                <colordiffuse>99FFFFFF</colordiffuse>
                <onclick>pageup(30)</onclick>
            </control>			
			<control type="scrollbar" id="30">
				<visible>!Skin.HasSetting(ScrollbarBold)</visible>
				<posx>18</posx>
				<posy>190</posy>
				<width>40</width>
				<height>355</height>
				<texturesliderbackground border="0,14,0,14">ScrollBarV.png</texturesliderbackground>
				<texturesliderbar border="2,16,2,16"></texturesliderbar>
				<texturesliderbarfocus border="2,16,2,16"></texturesliderbarfocus>
				<textureslidernib>osdslidernib.png</textureslidernib>
				<textureslidernibfocus>osdslidernib.png</textureslidernibfocus>
				<onleft>31</onleft>
				<onright>20</onright>
				<ondown>20</ondown>
				<onup>20</onup>
				<showonepage>false</showonepage>
				<orientation>vertical</orientation>
			</control> 
			<control type="scrollbar" id="30">
				<visible>Skin.HasSetting(ScrollbarBold)</visible>
				<posx>18</posx>
				<posy>190</posy>
				<width>27</width>
				<height>355</height>
                <texturesliderbackground border="0,7,0,7">scrollbarv_bar_bold.png</texturesliderbackground>
                <texturesliderbar border="0,7,0,7"></texturesliderbar>
                <texturesliderbarfocus border="0,7,0,7"></texturesliderbarfocus>
                <textureslidernib>osdslidernib_square.png</textureslidernib>
                <textureslidernibfocus colordiffuse="$VAR[CustomColorFocus]">osdslidernib_square.png</textureslidernibfocus>
				<onleft>31</onleft>
				<onright>20</onright>
				<ondown>20</ondown>
				<onup>20</onup>
				<showonepage>false</showonepage>
				<orientation>vertical</orientation>
			</control> 
            <control type="button" id="6002">
                <description>Button PageDown</description>
                <posx>10</posx>
                <posy>545</posy>
                <width>40</width>
                <height>40</height>
				<texturefocus colordiffuse="$VAR[CustomColorFocus]">arrow-down.png</texturefocus>
				<texturenofocus>arrow-down.png</texturenofocus>
                <colordiffuse>99FFFFFF</colordiffuse>
                <onclick>pagedown(30)</onclick>
            </control>
		</control>
		<control type="group">
			<animation effect="slide" start="620,0" end="0,0" time="400" tween="quadratic" easing="out">WindowOpen</animation>
			<animation effect="slide" start="0,0" end="620,0" time="400" tween="quadratic" easing="out">WindowClose</animation>
			<control type="image">
				<posx>630r</posx>
				<posy>75</posy>
				<width>637</width>
				<height>60</height>
				<texture>dialog_back_black.png</texture>
				<colordiffuse>99FFFFFF</colordiffuse> 
			</control>
			<control type="image">
				<posx>630r</posx>
				<posy>135</posy>
				<width>637</width>
				<height>467</height>
				<texture>dialog_back_black.png</texture>
<!--			<colordiffuse>99FFFFFF</colordiffuse> -->
			</control>
			<control type="image">
				<posx>630r</posx>
				<posy>78</posy>
				<width>55</width>
				<height>55</height>
				<aspectratio>keep</aspectratio>
				<info>Container(21).ListItem.Icon</info>
			</control>
			<control type="label">
				<description>header label</description>
				<posx>325r</posx>
				<posy>120r</posy>
				<width>50</width>
				<height>50</height>
				<font>font36_title</font>
				<label>[B]B[/B]</label>
				<align>right</align>
				<aligny>center</aligny>
				<textcolor>blue</textcolor>
				<shadowcolor>black</shadowcolor>
			</control>
			<control type="label" id="102">
				<description>current directory text label right</description>
				<posx>5r</posx>
				<posy>95</posy>
				<width>510</width>
				<height>30</height>
				<font>font30</font>
				<textcolor>white</textcolor>
				<scroll>true</scroll>
				<align>right</align>
				<aligny>center</aligny>
			</control>
			
			<control type="list" id="21">
				<posx>610r</posx>
				<posy>145</posy>
				<width>600</width>
				<height>450</height>
				<onleft>20</onleft>
				<onright>31</onright>
				<onup>21</onup>
				<ondown>21</ondown>
				<pagecontrol>31</pagecontrol>
				<scrolltime>200</scrolltime>
				<itemlayout height="45">
					<control type="image">
						<posx>0</posx>
						<posy>-8</posy>
						<width>600</width>
						<height>45</height>
						<texture>MenuItemNF.png</texture>
					</control>
					<control type="label">
						<posx>5</posx>
						<posy>0</posy>
						<width>560</width>
						<height>36</height>
						<font>font30</font>
						<aligny>center</aligny>
						<selectedcolor>selected</selectedcolor>
						<textcolor>white</textcolor>
						<align>left</align>
						<info>ListItem.Label</info>
					</control>
					<control type="label">
						<posx>530</posx>
						<posy>5</posy>
						<width>200</width>
						<height>24</height>
						<font>font25</font>
						<aligny>center</aligny>
						<selectedcolor>selected</selectedcolor>
						<textcolor>white</textcolor>
						<align>right</align>
						<info>ListItem.Label2</info>
					</control>
				</itemlayout>
				<focusedlayout height="45">
					<control type="image">
						<posx>0</posx>
						<posy>-8</posy>
						<width>600</width>
						<height>45</height>
						<visible>!Control.HasFocus(21)</visible>
						<texture border="0,2,0,2">MenuItemNF.png</texture>
					</control>
					<control type="image">
						<posx>0</posx>
						<posy>-8</posy>
						<width>600</width>
						<height>45</height>
						<visible>Control.HasFocus(21)</visible>
						<texture border="0,2,0,2">MenuItemNF.png</texture>
						<colordiffuse>95FFF000</colordiffuse>
					</control>
					<control type="label">
						<posx>5</posx>
						<posy>0</posy>
						<width>560</width>
						<height>36</height>
						<font>font30</font>
						<aligny>center</aligny>
						<selectedcolor>selected</selectedcolor>
						<textcolor>green</textcolor>
						<align>left</align>
						<info>ListItem.Label</info>
					</control>
					<control type="label">
						<posx>530</posx>
						<posy>5</posy>
						<width>200</width>
						<height>24</height>
						<font>font30</font>
						<aligny>center</aligny>
						<selectedcolor>selected</selectedcolor>
						<textcolor>grey</textcolor>
						<align>right</align>
						<info>ListItem.Label2</info>
					</control>
				</focusedlayout>
			</control>
            <control type="button" id="6003">
                <description>Button PageUp</description>
                <posx>54r</posx>
                <posy>150</posy>
                <width>40</width>
                <height>40</height>
				<texturefocus colordiffuse="$VAR[CustomColorFocus]">arrow-up.png</texturefocus>
				<texturenofocus>arrow-up.png</texturenofocus>
                <colordiffuse>99FFFFFF</colordiffuse>
                <onclick>pageup(31)</onclick>
            </control>
			<control type="scrollbar" id="31">
				<visible>!Skin.HasSetting(ScrollbarBold)</visible>
				<posx>46r</posx>
				<posy>190</posy>
				<width>40</width>
				<height>355</height>
				<texturesliderbackground border="0,14,0,14">ScrollBarV.png</texturesliderbackground>
				<texturesliderbar border="2,16,2,16">osdslidernib.png</texturesliderbar>
				<texturesliderbarfocus border="2,16,2,16">osdslidernib.png</texturesliderbarfocus>
				<textureslidernib>-</textureslidernib>
				<textureslidernibfocus>-</textureslidernibfocus>
				<onleft>21</onleft>
				<onright>30</onright>
				<ondown>21</ondown>
				<onup>21</onup>
				<showonepage>false</showonepage>
				<orientation>vertical</orientation>
			</control>
			<control type="scrollbar" id="31">
				<visible>Skin.HasSetting(ScrollbarBold)</visible>
				<posx>46r</posx>
				<posy>190</posy>
				<width>27</width>
				<height>355</height>
                <texturesliderbackground border="0,7,0,7">scrollbarv_bar_bold.png</texturesliderbackground>
                <texturesliderbar border="0,7,0,7"></texturesliderbar>
                <texturesliderbarfocus border="0,7,0,7"></texturesliderbarfocus>
                <textureslidernib>osdslidernib_square.png</textureslidernib>
                <textureslidernibfocus colordiffuse="$VAR[CustomColorFocus]">osdslidernib_square.png</textureslidernibfocus>
				<onleft>21</onleft>
				<onright>30</onright>
				<ondown>21</ondown>
				<onup>21</onup>
				<showonepage>false</showonepage>
				<orientation>vertical</orientation>
			</control>
            <control type="button" id="6004">
                <description>Button PageDown</description>
                <posx>54r</posx>
                <posy>545</posy>
                <width>40</width>
                <height>40</height>
				<texturefocus colordiffuse="$VAR[CustomColorFocus]">arrow-down.png</texturefocus>
				<texturenofocus>arrow-down.png</texturenofocus>
                <colordiffuse>99FFFFFF</colordiffuse>
                <onclick>pagedown(31)</onclick>
            </control>
		</control>
		
		<control type="group">
			<posx>0</posx>
			<posy>0</posy>
			<animation effect="slide" end="-310,0" time="400" tween="quadratic" easing="out">WindowClose</animation>
			<animation effect="slide" start="-310,0" time="400" tween="quadratic" easing="out">WindowOpen</animation>
			<control type="label">
				<include>MediaWindowTitleCommons</include>
				<label>$LOCALIZE[7]</label>
			</control>
		</control>
		
		<control type="panel" id="9002">
			<visible>!Window.IsActive(PlayerControls)</visible>
			<include>VisibleFadeEffect</include>
			<include>SubMenuCommonLayout</include>
			<content>
				<item>
					<label>31200</label>
					<onclick>Back</onclick>
					<icon>icon_back_w.png</icon>
				</item>
			</content>
		</control>
	</controls>
</window>