<?xml version="1.0" encoding="UTF-8" standalone="yes"?>
<addon id="repository.Cypherslocker" name="[COLOR cornflowerblue]Cyphers locker[/COLOR]" version="1.0.4" provider-name="Project Cypher">
	<extension point="xbmc.addon.repository" name="TheMegaRepo">
	    <dir>
			<info compressed="false">https://raw.githubusercontent.com/tvaddonsco/tva-resolvers-repo/master/addons.xml</info>
			<checksum>https://raw.githubusercontent.com/tvaddonsco/tva-resolvers-repo/master/addons.xml.md5</checksum>
			<datadir zip="true">https://raw.githubusercontent.com/tvaddonsco/tva-resolvers-repo/master/zips/</datadir>
		</dir>
		<info compressed="false">https://github.com/CypherMediaGIT/CypherRepo/raw/master/cypherrepo/plugins/addons.xml</info>
		<checksum>https://github.com/CypherMediaGIT/CypherRepo/raw/master/cypherrepo/plugins/addons.xml.md5</checksum>
		<datadir zip="true">https://github.com/CypherMediaGIT/CypherRepo/raw/master/cypherrepo/plugins</datadir>
	</extension>
	<extension point="xbmc.addon.metadata">
		<summary>Cypers Locker Repo - Home to Project Cypher</summary>
		<description>Cypers Locker Repo - Home to Project Cypher.</description>
		<platform>all</platform>
	</extension>
</addon>

